Wall time,Step,Value
1672384754.9796848,86,0.9169999957084656
