Wall time,Step,Value
1672358545.3076284,63,0.9077000021934509
