Wall time,Step,Value
1672400983.9726782,29,0.9157999753952026
