Wall time,Step,Value
1672371017.243191,78,0.9122999906539917
