Wall time,Step,Value
1672348895.2030962,94,0.8925999999046326
