Wall time,Step,Value
1672398416.9887698,0,46.0
1672398416.988869,1,114.0
1672398416.9889138,2,55.0
1672398416.988957,3,43.0
1672398416.9889846,4,43.0
1672398416.9893453,5,39.0
1672398416.9901993,6,67.0
1672398416.9902732,7,77.0
1672398416.990313,8,17.0
1672398416.9903452,9,46.0
